<?xml version="1.0" encoding="UTF-8"?>
<project version="4">
  <component name="ChangeListManager">
    <list default="true" id="4b021697-d5aa-4661-a0f6-6f8f57a8ba84" name="Default Changelist" comment="">
      <change beforePath="$PROJECT_DIR$/dpu/calibration/calibrate.py" beforeDir="false" afterPath="$PROJECT_DIR$/dpu/calibration/calibrate.py" afterDir="false" />
      <change beforePath="$PROJECT_DIR$/dpu/experiment/server_test.py" beforeDir="false" afterPath="$PROJECT_DIR$/dpu/experiment/server_test.py" afterDir="false" />
      <change beforePath="$PROJECT_DIR$/dpu/experiment/template/custom_script.py" beforeDir="false" afterPath="$PROJECT_DIR$/dpu/experiment/template/custom_script.py" afterDir="false" />
      <change beforePath="$PROJECT_DIR$/dpu/experiment/template/eVOLVER.py" beforeDir="false" afterPath="$PROJECT_DIR$/dpu/experiment/template/eVOLVER.py" afterDir="false" />
      <change beforePath="$PROJECT_DIR$/dpu/graphing/src/cloudevolution/filescan.py" beforeDir="false" afterPath="$PROJECT_DIR$/dpu/graphing/src/cloudevolution/filescan.py" afterDir="false" />
      <change beforePath="$PROJECT_DIR$/dpu/graphing/src/cloudevolution/settings.py" beforeDir="false" afterPath="$PROJECT_DIR$/dpu/graphing/src/cloudevolution/settings.py" afterDir="false" />
      <change beforePath="$PROJECT_DIR$/dpu/graphing/src/cloudevolution/urls.py" beforeDir="false" afterPath="$PROJECT_DIR$/dpu/graphing/src/cloudevolution/urls.py" afterDir="false" />
      <change beforePath="$PROJECT_DIR$/dpu/graphing/src/cloudevolution/views.py" beforeDir="false" afterPath="$PROJECT_DIR$/dpu/graphing/src/cloudevolution/views.py" afterDir="false" />
      <change beforePath="$PROJECT_DIR$/dpu/setup.py" beforeDir="false" afterPath="$PROJECT_DIR$/dpu/setup.py" afterDir="false" />
      <change beforePath="$PROJECT_DIR$/evolver/evolver/evolver.py" beforeDir="false" afterPath="$PROJECT_DIR$/evolver/evolver/evolver.py" afterDir="false" />
      <change beforePath="$PROJECT_DIR$/evolver/evolver/evolver_server.py" beforeDir="false" afterPath="$PROJECT_DIR$/evolver/evolver/evolver_server.py" afterDir="false" />
      <change beforePath="$PROJECT_DIR$/evolver/evolver/socketIO_client/__init__.py" beforeDir="false" afterPath="$PROJECT_DIR$/evolver/evolver/socketIO_client/__init__.py" afterDir="false" />
      <change beforePath="$PROJECT_DIR$/evolver/evolver/socketIO_client/exceptions.py" beforeDir="false" afterPath="$PROJECT_DIR$/evolver/evolver/socketIO_client/exceptions.py" afterDir="false" />
      <change beforePath="$PROJECT_DIR$/evolver/evolver/socketIO_client/heartbeats.py" beforeDir="false" afterPath="$PROJECT_DIR$/evolver/evolver/socketIO_client/heartbeats.py" afterDir="false" />
      <change beforePath="$PROJECT_DIR$/evolver/evolver/socketIO_client/namespaces.py" beforeDir="false" afterPath="$PROJECT_DIR$/evolver/evolver/socketIO_client/namespaces.py" afterDir="false" />
      <change beforePath="$PROJECT_DIR$/evolver/evolver/socketIO_client/parsers.py" beforeDir="false" afterPath="$PROJECT_DIR$/evolver/evolver/socketIO_client/parsers.py" afterDir="false" />
      <change beforePath="$PROJECT_DIR$/evolver/evolver/socketIO_client/symmetries.py" beforeDir="false" afterPath="$PROJECT_DIR$/evolver/evolver/socketIO_client/symmetries.py" afterDir="false" />
      <change beforePath="$PROJECT_DIR$/evolver/evolver/socketIO_client/transports.py" beforeDir="false" afterPath="$PROJECT_DIR$/evolver/evolver/socketIO_client/transports.py" afterDir="false" />
      <change beforePath="$PROJECT_DIR$/evolver/setup.py" beforeDir="false" afterPath="$PROJECT_DIR$/evolver/setup.py" afterDir="false" />
      <change beforePath="$PROJECT_DIR$/evolver/utils/calibration_transformation.py" beforeDir="false" afterPath="$PROJECT_DIR$/evolver/utils/calibration_transformation.py" afterDir="false" />
    </list>
    <option name="SHOW_DIALOG" value="false" />
    <option name="HIGHLIGHT_CONFLICTS" value="true" />
    <option name="HIGHLIGHT_NON_ACTIVE_CHANGELIST" value="false" />
    <option name="LAST_RESOLUTION" value="IGNORE" />
  </component>
  <component name="Git.Settings">
    <option name="RECENT_GIT_ROOT_PATH" value="$PROJECT_DIR$/dpu" />
  </component>
  <component name="ProjectId" id="26qLB514I2BCZils4ZfoQq7nEm1" />
  <component name="ProjectLevelVcsManager" settingsEditedManually="true" />
  <component name="ProjectViewState">
    <option name="hideEmptyMiddlePackages" value="true" />
    <option name="showLibraryContents" value="true" />
  </component>
  <component name="PropertiesComponent">
    <property name="RunOnceActivity.OpenProjectViewOnStart" value="true" />
    <property name="RunOnceActivity.ShowReadmeOnStart" value="true" />
    <property name="settings.editor.selected.configurable" value="com.jetbrains.python.configuration.PyActiveSdkModuleConfigurable" />
  </component>
  <component name="RunManager">
    <configuration name="eVOLVER" type="PythonConfigurationType" factoryName="Python" nameIsGenerated="true">
      <module name="evolverkit" />
      <option name="INTERPRETER_OPTIONS" value="" />
      <option name="PARENT_ENVS" value="true" />
      <envs>
        <env name="PYTHONUNBUFFERED" value="1" />
      </envs>
      <option name="SDK_HOME" value="$PROJECT_DIR$/../GITpy/evolverkit/bin/python" />
      <option name="WORKING_DIRECTORY" value="$PROJECT_DIR$/dpu/experiment/20220324_test" />
      <option name="IS_MODULE_SDK" value="false" />
      <option name="ADD_CONTENT_ROOTS" value="true" />
      <option name="ADD_SOURCE_ROOTS" value="true" />
      <option name="SCRIPT_NAME" value="$PROJECT_DIR$/dpu/experiment/20220324_test/eVOLVER.py" />
      <option name="PARAMETERS" value="" />
      <option name="SHOW_COMMAND_LINE" value="false" />
      <option name="EMULATE_TERMINAL" value="false" />
      <option name="MODULE_MODE" value="false" />
      <option name="REDIRECT_INPUT" value="false" />
      <option name="INPUT_FILE" value="" />
      <method v="2" />
    </configuration>
  </component>
  <component name="SpellCheckerSettings" RuntimeDictionaries="0" Folders="0" CustomDictionaries="0" DefaultDictionary="application-level" UseSingleDictionary="true" transferred="true" />
  <component name="TaskManager">
    <task active="true" id="Default" summary="Default task">
      <changelist id="4b021697-d5aa-4661-a0f6-6f8f57a8ba84" name="Default Changelist" comment="" />
      <created>1648146031370</created>
      <option name="number" value="Default" />
      <option name="presentableId" value="Default" />
      <updated>1648146031370</updated>
    </task>
    <servers />
  </component>
</project>